{
    "accuracy": [
        0.9089583158493042,
        0.9777083396911621,
        0.9828125238418579,
        0.9847916960716248,
        0.9876041412353516,
        0.989062488079071,
        0.9909374713897705,
        0.989062488079071,
        0.9903125166893005,
        0.9928125143051147,
        0.9897916913032532,
        0.9905208349227905,
        0.9921875,
        0.9925000071525574,
        0.9934375286102295,
        0.99239581823349,
        0.9952083230018616,
        0.9886458516120911,
        0.9918749928474426,
        0.9939583539962769
    ],
    "loss": [
        0.2431492805480957,
        0.06114182621240616,
        0.048069603741168976,
        0.04247578978538513,
        0.03566678240895271,
        0.03697005659341812,
        0.026746602728962898,
        0.02916036546230316,
        0.02807520143687725,
        0.020125336945056915,
        0.02577843703329563,
        0.031959887593984604,
        0.01957833208143711,
        0.020449155941605568,
        0.021141067147254944,
        0.019345521926879883,
        0.01665463112294674,
        0.0291873961687088,
        0.022130023688077927,
        0.020280802622437477
    ],
    "val_accuracy": [
        0.98416668176651,
        0.9925000071525574,
        0.9950000047683716,
        0.9937499761581421,
        0.9954166412353516,
        0.9929166436195374,
        0.9866666793823242,
        0.9920833110809326,
        0.9962499737739563,
        0.9945833086967468,
        0.9954166412353516,
        0.9962499737739563,
        0.9958333373069763,
        0.997083306312561,
        0.9962499737739563,
        0.9991666674613953,
        0.997083306312561,
        0.9937499761581421,
        0.9979166388511658,
        0.996666669845581
    ],
    "val_loss": [
        0.0452520027756691,
        0.02454482391476631,
        0.0165348332375288,
        0.020037682726979256,
        0.013812483288347721,
        0.023361491039395332,
        0.038058508187532425,
        0.022299323230981827,
        0.012066416442394257,
        0.013651388697326183,
        0.012026726268231869,
        0.00926782563328743,
        0.009857394732534885,
        0.007050130516290665,
        0.009346277453005314,
        0.006718848366290331,
        0.009424421004951,
        0.019894540309906006,
        0.005184050649404526,
        0.007298745214939117
    ],
    "epochs": 20
}