{
    "accuracy": [
        0.9225000143051147,
        0.9756249785423279,
        0.9828125238418579,
        0.9867708086967468,
        0.9858333468437195,
        0.9897916913032532,
        0.9918749928474426,
        0.9916666746139526,
        0.9936458468437195,
        0.9928125143051147,
        0.9925000071525574,
        0.9909374713897705,
        0.9938541650772095,
        0.9965624809265137,
        0.99197918176651,
        0.9957291483879089,
        0.9971874952316284,
        0.9965624809265137,
        0.9947916865348816,
        0.9952083230018616
    ],
    "loss": [
        0.20539577305316925,
        0.06526461243629456,
        0.045912858098745346,
        0.03896578028798103,
        0.038208674639463425,
        0.028892625123262405,
        0.021728336811065674,
        0.024199265986680984,
        0.0196622833609581,
        0.02151426672935486,
        0.020103536546230316,
        0.028819816187024117,
        0.015335247851908207,
        0.011063378304243088,
        0.029129883274435997,
        0.01356843113899231,
        0.007799910847097635,
        0.009167234413325787,
        0.017722295597195625,
        0.013506095856428146
    ],
    "val_accuracy": [
        0.9833333492279053,
        0.9887499809265137,
        0.9908333420753479,
        0.9858333468437195,
        0.9920833110809326,
        0.9887499809265137,
        0.9895833134651184,
        0.9891666769981384,
        0.9866666793823242,
        0.9879166483879089,
        0.9916666746139526,
        0.9779166579246521,
        0.9908333420753479,
        0.9908333420753479,
        0.9933333396911621,
        0.9920833110809326,
        0.9929166436195374,
        0.9920833110809326,
        0.9883333444595337,
        0.9925000071525574
    ],
    "val_loss": [
        0.050546254962682724,
        0.04051639512181282,
        0.036078598350286484,
        0.04335461184382439,
        0.030699748545885086,
        0.031752873212099075,
        0.033474136143922806,
        0.02872318960726261,
        0.0420554056763649,
        0.04039711877703667,
        0.03369467332959175,
        0.05958179384469986,
        0.031166773289442062,
        0.029641101136803627,
        0.02562904916703701,
        0.035552795976400375,
        0.03276640549302101,
        0.03698325902223587,
        0.05016797035932541,
        0.03880065679550171
    ],
    "epochs": 20
}