{
    "accuracy": [
        0.9334375262260437,
        0.9848958253860474,
        0.9907291531562805,
        0.9916666746139526,
        0.9913541674613953,
        0.9922916889190674,
        0.9884374737739563,
        0.9963541626930237,
        0.9947916865348816,
        0.9950000047683716,
        0.9944791793823242,
        0.9952083230018616,
        0.9959375262260437,
        0.9971874952316284,
        0.996666669845581,
        0.9947916865348816,
        0.9969791769981384,
        0.9967708587646484,
        0.9952083230018616,
        0.9962499737739563
    ],
    "loss": [
        0.17947399616241455,
        0.04549063742160797,
        0.027583325281739235,
        0.02369927428662777,
        0.026646502315998077,
        0.02299615554511547,
        0.03640754520893097,
        0.013698609545826912,
        0.015937168151140213,
        0.015493149869143963,
        0.021780898794531822,
        0.013319001533091068,
        0.013331953436136246,
        0.008791718631982803,
        0.013251366093754768,
        0.017274711281061172,
        0.009298166260123253,
        0.010227265767753124,
        0.013052498921751976,
        0.011692938394844532
    ],
    "val_accuracy": [
        0.9900000095367432,
        0.9941666722297668,
        0.9950000047683716,
        0.9958333373069763,
        0.9925000071525574,
        0.9950000047683716,
        0.9954166412353516,
        0.9933333396911621,
        0.9941666722297668,
        0.9925000071525574,
        0.9954166412353516,
        0.9958333373069763,
        0.9958333373069763,
        0.9945833086967468,
        0.9954166412353516,
        0.9958333373069763,
        0.9945833086967468,
        0.9962499737739563,
        0.9962499737739563,
        0.9958333373069763
    ],
    "val_loss": [
        0.03438277170062065,
        0.025319581851363182,
        0.018164845183491707,
        0.019507424905896187,
        0.023077111691236496,
        0.018323035910725594,
        0.019319193437695503,
        0.027975361794233322,
        0.02319379150867462,
        0.02969292365014553,
        0.02323663979768753,
        0.02030957117676735,
        0.017353279516100883,
        0.02223229594528675,
        0.02113780751824379,
        0.015620890073478222,
        0.025771578773856163,
        0.02292330004274845,
        0.020574679598212242,
        0.02197490818798542
    ],
    "epochs": 20
}